image,xmin,ymin,xmax,ymax,label,confidence
434-0026-153.jpg,852,1956,1038,2112,0,0.116365239
434-0026-153.jpg,777,1174,1062,1376,0,0.141928911
434-0026-153.jpg,646,1228,978,1427,0,0.208855644
436-0078-83.jpg,1686,14,1968,211,0,0.195085198
436-0078-83.jpg,2768,1923,3004,2125,0,0.379014164
436-0078-103.jpg,1575,1952,1835,2120,0,0.122949056
436-0078-103.jpg,1806,1551,2160,1722,0,0.138626635
436-0078-103.jpg,1715,1961,1953,2132,0,0.187465072
434-0026-82.jpg,3116,24,3529,257,0,0.177546129
434-0026-119.jpg,1626,1361,2008,1528,0,0.106031977
434-0026-119.jpg,2628,1930,2859,2157,0,0.220849156
434-0026-119.jpg,2790,1968,3036,2132,0,0.333260983
434-0026-119.jpg,1822,1974,2124,2160,0,0.371664703
436-0078-9.jpg,1138,1831,2071,2160,0,0.110597409
436-0078-9.jpg,1666,1943,1959,2119,0,0.161735922
436-0078-9.jpg,1499,1950,1879,2134,0,0.438978523
434-0026-28.jpg,597,1563,1031,1921,0,0.108155295
434-0026-28.jpg,673,1612,974,1843,0,0.133794516
434-0026-28.jpg,812,1633,1068,1841,0,0.234437525
434-0026-28.jpg,2512,831,2719,1103,0,0.603509188
434-0026-27.jpg,1994,1888,2235,2103,0,0.10835626
434-0026-27.jpg,2686,717,2876,940,0,0.156514317
434-0026-42.jpg,1495,1885,1717,2113,0,0.624644279
436-0078-58.jpg,2936,865,3182,1425,0,0.108906128
436-0078-58.jpg,3622,1680,3840,2025,0,0.137079433
436-0078-58.jpg,3006,956,3158,1295,0,0.19148621
436-0078-58.jpg,3518,1655,3809,1875,0,0.218571112
434-0026-61.jpg,288,218,727,650,0,0.105390243
434-0026-61.jpg,2051,1312,2479,1492,0,0.115798309
434-0026-61.jpg,135,250,679,1159,0,0.173803866
434-0026-61.jpg,1088,303,1799,1113,0,0.28189379
434-0026-18.jpg,257,1491,550,1710,0,0.103175983
434-0026-18.jpg,3490,714,3819,946,0,0.142582774
434-0026-18.jpg,825,949,1084,1125,0,0.151988059
434-0026-18.jpg,1854,1900,2079,2125,0,0.169102296
434-0026-18.jpg,1018,1947,1185,2149,0,0.192016274
434-0026-18.jpg,971,1360,1189,1559,0,0.221853539
434-0026-18.jpg,888,1924,1066,2119,0,0.237404302
434-0026-18.jpg,1399,1842,1708,2050,0,0.29119578
434-0026-54.jpg,1457,716,1616,1049,0,0.125328332
434-0026-54.jpg,1347,746,1632,1253,0,0.133246362
434-0026-54.jpg,1576,82,2043,532,0,0.216336221
434-0026-54.jpg,1271,804,1585,1462,0,0.27225849
434-0026-54.jpg,2005,513,2570,1437,0,0.505530953
434-0026-49.jpg,2849,1631,3178,1825,0,0.103711553
434-0026-49.jpg,819,976,1189,1626,0,0.117438264
434-0026-49.jpg,1303,371,1699,780,0,0.18273513
434-0026-49.jpg,1494,861,2232,1516,0,0.197573274
434-0026-49.jpg,881,926,1345,1396,0,0.268591523
434-0026-49.jpg,1740,911,2100,1584,0,0.272413194
434-0026-1.jpg,1412,1917,1623,2128,0,0.105270006
434-0026-1.jpg,365,1798,637,1980,0,0.108731866
434-0026-1.jpg,2135,1652,2386,1891,0,0.111549169
434-0026-1.jpg,2113,1355,2474,1549,0,0.117233813
434-0026-1.jpg,2143,1784,2434,2021,0,0.12857075
434-0026-1.jpg,1725,1661,2037,1905,0,0.131328925
434-0026-1.jpg,1835,1740,2101,1950,0,0.139139235
434-0026-1.jpg,2295,1368,2562,1549,0,0.22449258
434-0026-1.jpg,2719,1669,3061,1863,0,0.294366539
434-0026-1.jpg,2588,1669,2864,1853,0,0.422417849
433-0013-52.jpg,2883,1818,3134,2002,0,0.114118785
434-0026-20.jpg,718,590,924,831,0,0.126904428
434-0026-20.jpg,1620,595,1778,861,0,0.138989568
434-0026-20.jpg,585,1140,1032,1522,0,0.142389715
434-0026-20.jpg,700,1213,916,1421,0,0.147188947
434-0026-20.jpg,3203,1912,3423,2112,0,0.188296929
433-0013-34.jpg,687,1477,905,1683,0,0.109594502
433-0013-34.jpg,556,1087,782,1270,0,0.127959266
436-0078-89.jpg,1566,1979,1904,2134,0,0.103264093
436-0078-89.jpg,2716,17,3058,201,0,0.103892602
436-0078-89.jpg,2286,1936,2619,2121,0,0.110492304
436-0078-89.jpg,1685,1529,1995,1733,0,0.119805351
436-0078-89.jpg,2441,1927,2655,2111,0,0.19395262
436-0078-89.jpg,1692,1999,1978,2160,0,0.551076293
434-0026-175.jpg,1745,1640,1972,1881,0,0.122359812
434-0026-175.jpg,2208,1926,2453,2123,0,0.124164715
434-0026-175.jpg,2039,1493,2273,1718,0,0.180519983
434-0026-175.jpg,1263,1927,1521,2136,0,0.473744005
436-0078-57.jpg,1582,1444,1761,1754,0,0.110303074
436-0078-57.jpg,1907,1880,3076,2113,0,0.155007958
436-0078-57.jpg,1564,1013,1714,1313,0,0.165251687
436-0078-57.jpg,2137,1743,2395,2095,0,0.193786308
436-0078-57.jpg,2151,1019,2343,1255,0,0.209816009
436-0078-57.jpg,2175,893,2378,1169,0,0.2670376
436-0078-57.jpg,2226,741,2416,1017,0,0.32636559
436-0078-57.jpg,2078,710,2450,1244,0,0.437425524
436-0078-95.jpg,3218,1940,3452,2113,0,0.226171359
436-0078-95.jpg,1960,1918,2221,2094,0,0.260889649
436-0078-82.jpg,2890,1300,3135,1556,0,0.11280027
436-0078-82.jpg,1944,1401,2307,1764,0,0.274431527
436-0078-82.jpg,2028,1448,2249,1695,0,0.721813679
434-0026-174.jpg,2181,1935,2424,2136,0,0.122109212
434-0026-174.jpg,2015,1508,2265,1712,0,0.156057015
434-0026-174.jpg,1733,1658,1982,1890,0,0.210757434
434-0026-174.jpg,1257,1935,1521,2137,0,0.341448575
433-0013-9.jpg,1684,1966,2009,2118,0,0.118317477
434-0026-50.jpg,3489,721,3674,978,0,0.104617655
434-0026-50.jpg,758,0,1670,439,0,0.206823409
434-0026-50.jpg,396,703,864,1605,0,0.219500899
434-0026-50.jpg,1567,459,2111,1677,0,0.592678726
433-0013-23.jpg,2659,1363,2850,1581,0,0.278761119
434-0026-26.jpg,2521,1890,2705,2082,0,0.190940857
436-0078-15.jpg,3028,1385,3391,1536,0,0.263096273
434-0026-58.jpg,2853,1972,3206,2117,0,0.13465102
434-0026-58.jpg,1089,367,1412,1092,0,0.145101056
434-0026-58.jpg,3141,1996,3431,2142,0,0.282181233
434-0026-58.jpg,1020,171,1586,1192,0,0.69702667
434-0026-120.jpg,3357,1958,3617,2129,0,0.104158089
434-0026-120.jpg,2262,1366,2547,1547,0,0.147324905
434-0026-120.jpg,3172,1952,3492,2122,0,0.154393166
434-0026-57.jpg,3434,1792,3840,2028,0,0.114134982
434-0026-57.jpg,2860,1852,3132,2036,0,0.154045463
434-0026-57.jpg,1040,712,1202,1050,0,0.180645362
434-0026-57.jpg,990,736,1213,1241,0,0.207061619
434-0026-57.jpg,2736,1829,3022,2054,0,0.305154651
434-0026-57.jpg,1430,337,1909,1345,0,0.424851149
436-0078-14.jpg,2207,1786,2413,2051,0,0.13422966
436-0078-14.jpg,2495,1749,2750,2031,0,0.175272942
436-0078-14.jpg,2994,1757,3185,1991,0,0.61387378
434-0026-173.jpg,2184,986,2952,1675,0,0.112548247
434-0026-173.jpg,1498,680,1852,1058,0,0.141544193
434-0026-173.jpg,2332,1435,2803,1795,0,0.143230855
434-0026-173.jpg,3172,1171,3436,1413,0,0.161475107
434-0026-173.jpg,2445,1503,2691,1793,0,0.179995626
434-0026-173.jpg,2737,1357,2944,1526,0,0.213327885
434-0026-93.jpg,3149,1212,3304,1430,0,0.48411563
434-0026-110.jpg,224,0,481,219,0,0.12778987
434-0026-110.jpg,986,1496,1365,1741,0,0.174234346
434-0026-110.jpg,1097,1593,1339,1786,0,0.615855992
434-0026-100.jpg,2053,314,2272,574,0,0.135137931
434-0026-100.jpg,958,1968,1218,2160,0,0.197743386
434-0026-100.jpg,2112,423,2387,634,0,0.698648214
434-0026-89.jpg,2460,413,2635,650,0,0.134160012
434-0026-44.jpg,966,1549,1181,1812,0,0.117489226
434-0026-44.jpg,1766,828,1950,1152,0,0.251769334
436-0078-69.jpg,844,1779,1059,2015,0,0.114184842
436-0078-69.jpg,2111,1982,2445,2126,0,0.124329798
436-0078-69.jpg,1612,1625,1801,1862,0,0.126561716
436-0078-69.jpg,2257,1989,2566,2154,0,0.130266786
436-0078-69.jpg,1713,370,1954,643,0,0.222328439
433-0013-10.jpg,2760,1494,3039,1705,0,0.140094936
433-0013-1.jpg,3530,466,3788,766,0,0.186132997
436-0078-4.jpg,1660,1943,1962,2117,0,0.150717676
436-0078-4.jpg,1413,1891,1996,2160,0,0.162196994
436-0078-4.jpg,1496,1949,1877,2134,0,0.441852719
433-0013-35.jpg,2869,1329,3198,1614,0,0.116761371
433-0013-35.jpg,1913,1288,2401,1681,0,0.117790528
433-0013-35.jpg,555,1075,1026,1513,0,0.122303426
433-0013-35.jpg,3017,1343,3315,1624,0,0.140723541
433-0013-35.jpg,1352,1107,1656,1475,0,0.166745067
433-0013-35.jpg,1433,1090,1642,1326,0,0.204446241
434-0026-155.jpg,1852,1938,2089,2124,0,0.149352521
434-0026-155.jpg,3204,1953,3443,2129,0,0.226743281
436-0078-84.jpg,1865,1600,2135,1802,0,0.109313399
436-0078-84.jpg,2437,1901,2653,2086,0,0.121674858
436-0078-84.jpg,1564,0,1882,192,0,0.150998905
436-0078-84.jpg,2339,1897,2580,2096,0,0.153666958
436-0078-84.jpg,2648,1518,2857,1709,0,0.431178272
434-0026-30.jpg,2690,782,3042,1282,0,0.11413905
434-0026-30.jpg,2769,965,2967,1236,0,0.466844797
433-0013-40.jpg,1043,815,1455,1217,0,0.114315748
433-0013-40.jpg,880,1898,1074,2127,0,0.119045056
433-0013-40.jpg,639,1650,802,1900,0,0.122821636
433-0013-40.jpg,399,878,657,1105,0,0.138378739
433-0013-40.jpg,3211,1663,3482,1913,0,0.223520994
433-0013-40.jpg,1663,1535,1999,1720,0,0.645068467
434-0026-111.jpg,1007,1611,1391,1822,0,0.221688539
434-0026-111.jpg,1110,1626,1318,1907,0,0.749862254
434-0026-12.jpg,1852,1574,2086,1864,0,0.12395595
434-0026-12.jpg,2695,1732,2892,1973,0,0.325522006
434-0026-105.jpg,1923,825,2392,1266,0,0.119652621
434-0026-105.jpg,2143,1019,2395,1217,0,0.193863332
434-0026-105.jpg,1983,1016,2275,1262,0,0.267554224
436-0078-25.jpg,1575,1137,1811,1491,0,0.336149424
436-0078-107.jpg,2516,1930,2732,2134,0,0.119523726
436-0078-107.jpg,1859,1798,2118,2044,0,0.120772399
436-0078-107.jpg,1405,1506,1676,1709,0,0.12553072
436-0078-107.jpg,694,1943,973,2156,0,0.317927718
436-0078-30.jpg,1624,1110,1782,1509,0,0.402831674
436-0078-73.jpg,2158,1914,2397,2093,0,0.102139972
436-0078-73.jpg,3520,1787,3770,2004,0,0.108946413
436-0078-73.jpg,817,1513,1089,1686,0,0.121756181
436-0078-73.jpg,3362,1928,3634,2102,0,0.127264708
436-0078-73.jpg,3453,1937,3805,2140,0,0.194186643
436-0078-73.jpg,1249,1780,1470,1994,0,0.221827716
436-0078-73.jpg,482,1985,782,2158,0,0.371862918
436-0078-73.jpg,2117,1807,2452,2001,0,0.389410287
436-0078-73.jpg,834,1812,1063,2001,0,0.483883381
434-0026-35.jpg,558,1710,767,1869,0,0.118101873
434-0026-35.jpg,2309,1451,2476,1721,0,0.614882231
433-0013-27.jpg,3293,1590,3643,2151,0,0.119396083
433-0013-27.jpg,3366,1878,3579,2117,0,0.1199935
433-0013-3.jpg,1977,1397,2342,2082,0,0.241399914
434-0026-165.jpg,3499,444,3742,746,0,0.105129302
434-0026-165.jpg,1653,1097,2031,1456,0,0.116331078
434-0026-165.jpg,1703,1010,1925,1336,0,0.169921249
434-0026-165.jpg,1244,1913,1501,2100,0,0.172334284
436-0078-101.jpg,3018,1160,3271,1445,0,0.126633704
436-0078-101.jpg,2811,707,3008,979,0,0.128141299
436-0078-101.jpg,3034,1298,3261,1581,0,0.134901986
436-0078-101.jpg,2973,1502,3162,1691,0,0.143487513
436-0078-101.jpg,1424,1530,1710,1732,0,0.148717612
436-0078-101.jpg,2929,1895,3108,2093,0,0.244819179
436-0078-101.jpg,2803,1917,3007,2136,0,0.317943722
434-0026-172.jpg,1411,1210,1695,1449,0,0.107107632
434-0026-172.jpg,2604,1375,2908,1599,0,0.120262854
434-0026-172.jpg,3347,1346,3562,1554,0,0.126969263
434-0026-172.jpg,79,592,385,1147,0,0.131346971
434-0026-172.jpg,1904,1228,2381,1652,0,0.171663254
434-0026-172.jpg,1980,1345,2246,1581,0,0.204078972
434-0026-172.jpg,2451,799,2726,1008,0,0.250873029
436-0078-53.jpg,2709,1071,2995,1284,0,0.100767672
436-0078-53.jpg,3295,1208,3532,1453,0,0.153838515
436-0078-53.jpg,2832,26,3339,537,0,0.159149155
436-0078-53.jpg,2304,1067,2536,1294,0,0.257960767
436-0078-53.jpg,2972,149,3315,655,0,0.269062489
436-0078-53.jpg,3086,355,3271,688,0,0.416751355
436-0078-53.jpg,3395,809,3557,1128,0,0.572275281
436-0078-56.jpg,2623,271,2830,603,0,0.104791395
436-0078-56.jpg,2285,1620,3388,2060,0,0.174457267
436-0078-56.jpg,2602,396,2846,704,0,0.217798978
436-0078-56.jpg,2568,291,2907,805,0,0.625446737
433-0013-33.jpg,1239,1735,1574,1980,0,0.132743746
433-0013-33.jpg,76,1484,376,1763,0,0.266266793
434-0026-140.jpg,3418,1533,3776,1709,0,0.10876637
434-0026-140.jpg,1957,1439,2065,1751,0,0.314854592
436-0078-54.jpg,1888,720,2161,1040,0,0.118263826
436-0078-54.jpg,2946,1801,3184,1982,0,0.148872286
436-0078-54.jpg,2702,1806,3840,1973,0,0.149454877
436-0078-54.jpg,3200,126,3736,693,0,0.197127685
436-0078-54.jpg,1946,614,2146,1330,0,0.211631268
436-0078-54.jpg,3334,159,3561,445,0,0.226351574
436-0078-54.jpg,2994,20,3840,921,0,0.278444499
436-0078-54.jpg,1970,834,2137,1139,0,0.482207328
434-0026-103.jpg,1829,847,2119,1073,0,0.678107738
434-0026-108.jpg,1703,934,1990,1168,0,0.741842091
434-0026-70.jpg,1769,778,2170,1163,0,0.116624944
434-0026-70.jpg,1834,866,2112,1113,0,0.269867688
434-0026-70.jpg,1060,1787,1233,2043,0,0.310404897
434-0026-168.jpg,1901,1182,2126,1505,0,0.100272901
434-0026-168.jpg,1851,1311,2306,1552,0,0.115494058
434-0026-168.jpg,1968,1215,2222,1466,0,0.122702189
434-0026-168.jpg,1845,874,2060,1153,0,0.125837952
434-0026-168.jpg,2281,1885,2472,2155,0,0.128306299
434-0026-168.jpg,1833,1918,2109,2121,0,0.132650778
434-0026-168.jpg,1737,1604,1951,1804,0,0.187734425
434-0026-168.jpg,1827,1088,2208,1537,0,0.200848907
434-0026-168.jpg,1599,593,1855,779,0,0.37060827
434-0026-114.jpg,364,1062,568,1250,0,0.435109824
434-0026-59.jpg,2290,1629,2580,1851,0,0.216681108
434-0026-59.jpg,927,810,1230,1234,0,0.278982788
434-0026-59.jpg,1353,735,1772,1280,0,0.495919049
433-0013-4.jpg,2024,553,2288,1130,0,0.189642206
436-0078-24.jpg,1580,1384,1798,1727,0,0.129939139
436-0078-24.jpg,1857,1686,2099,2049,0,0.477592111
434-0026-152.jpg,1311,1177,1548,1379,0,0.113036431
434-0026-152.jpg,841,1966,1032,2120,0,0.119865768
434-0026-152.jpg,568,1189,805,1409,0,0.160139158
434-0026-78.jpg,2667,188,2907,434,0,0.102501445
436-0078-2.jpg,1389,1932,1734,2121,0,0.120090827
436-0078-2.jpg,1672,1945,1957,2122,0,0.169804662
436-0078-2.jpg,1411,1887,1999,2160,0,0.181750014
436-0078-2.jpg,1500,1955,1882,2139,0,0.45802024
436-0078-72.jpg,1484,1644,1701,1865,0,0.107110173
436-0078-72.jpg,1119,1688,1382,1875,0,0.10942468
436-0078-72.jpg,2977,1963,3309,2153,0,0.111557044
436-0078-72.jpg,3171,1970,3455,2140,0,0.121642359
436-0078-72.jpg,594,11,823,277,0,0.156987458
436-0078-72.jpg,2300,1677,2596,1859,0,0.250810385
436-0078-72.jpg,3461,1780,3799,2006,0,0.31496802
436-0078-72.jpg,1262,1971,1495,2133,0,0.345253587
436-0078-72.jpg,875,1897,1101,2108,0,0.4395473
436-0078-72.jpg,2880,1934,3152,2160,0,0.545814335
434-0026-164.jpg,976,1961,1184,2119,0,0.114107475
434-0026-164.jpg,2753,1359,2994,1597,0,0.117939837
434-0026-164.jpg,2422,1925,2683,2077,0,0.122097403
434-0026-164.jpg,1530,725,1897,959,0,0.122243501
434-0026-164.jpg,2065,1299,2463,1828,0,0.171596348
434-0026-164.jpg,836,1959,1074,2111,0,0.182491452
434-0026-164.jpg,584,1954,768,2133,0,0.207261384
434-0026-164.jpg,2282,1926,2542,2104,0,0.216951773
434-0026-164.jpg,2126,1952,2404,2124,0,0.588098705
434-0026-33.jpg,1848,1523,2086,1811,0,0.537671685
433-0013-8.jpg,1831,1988,2112,2149,0,0.128468394
436-0078-104.jpg,3469,1050,3690,1310,0,0.12603581
436-0078-104.jpg,1972,1209,2284,1410,0,0.162029982
436-0078-104.jpg,2190,1478,2437,1720,0,0.182592764
436-0078-104.jpg,1723,1517,1979,1765,0,0.184495673
436-0078-104.jpg,1951,1077,2309,1257,0,0.275203079
436-0078-96.jpg,2244,1925,2591,2116,0,0.169480845
436-0078-96.jpg,2051,1954,2474,2145,0,0.732489586
436-0078-7.jpg,2422,1968,2704,2129,0,0.109710544
436-0078-7.jpg,1413,1890,2003,2160,0,0.161286339
436-0078-7.jpg,1662,1946,1960,2124,0,0.177671462
436-0078-7.jpg,1505,1949,1883,2138,0,0.423207074
434-0026-122.jpg,1377,1366,1696,1551,0,0.118740052
434-0026-122.jpg,3190,1817,3382,2049,0,0.131346822
434-0026-122.jpg,890,1957,1100,2160,0,0.215750635
434-0026-24.jpg,2193,1962,2430,2128,0,0.101538986
434-0026-24.jpg,705,1779,956,2032,0,0.114319175
434-0026-24.jpg,3180,937,3341,1156,0,0.170099229
434-0026-22.jpg,870,966,1308,1375,0,0.100084297
434-0026-22.jpg,1400,608,1614,814,0,0.117466532
434-0026-22.jpg,1899,324,2058,578,0,0.147613838
434-0026-22.jpg,23,1198,314,1445,0,0.198452309
434-0026-22.jpg,396,589,602,852,0,0.293415904
434-0026-157.jpg,743,1075,985,1324,0,0.115313664
434-0026-157.jpg,859,1979,1043,2160,0,0.136252105
434-0026-157.jpg,1688,1970,1959,2132,0,0.262418181
434-0026-154.jpg,1861,1958,2107,2116,0,0.101280212
434-0026-96.jpg,1241,1988,1501,2160,0,0.288291723
434-0026-96.jpg,2269,747,2509,1029,0,0.557457745
436-0078-79.jpg,3465,1628,3771,1894,0,0.114492305
436-0078-79.jpg,2411,1906,2740,2087,0,0.227560192
436-0078-79.jpg,3408,1931,3829,2159,0,0.228626087
436-0078-79.jpg,3316,1958,3663,2160,0,0.299539447
436-0078-79.jpg,2572,1902,2808,2086,0,0.306672037
436-0078-50.jpg,2672,640,3074,1055,0,0.111769006
436-0078-50.jpg,2570,522,3694,1074,0,0.17339465
436-0078-50.jpg,1786,613,2681,1143,0,0.216233701
436-0078-50.jpg,2016,670,2488,1099,0,0.252585113
434-0026-32.jpg,1667,1727,1852,1961,0,0.352304876
433-0013-46.jpg,1134,1740,1318,2034,0,0.213789463
434-0026-9.jpg,3333,1799,3563,2036,0,0.112160288
434-0026-9.jpg,1909,1774,2150,1998,0,0.172671214
434-0026-9.jpg,1407,1908,1619,2134,0,0.213953286
434-0026-163.jpg,2020,1176,2228,1426,0,0.170131251
434-0026-95.jpg,1570,1955,1794,2160,0,0.275808394
434-0026-95.jpg,2590,753,2807,1009,0,0.755127013
434-0026-147.jpg,633,1475,790,1737,0,0.10524115
434-0026-147.jpg,1581,453,1828,680,0,0.109803922
434-0026-147.jpg,1551,646,1866,1058,0,0.119242102
434-0026-147.jpg,2540,1980,2877,2126,0,0.139971852
434-0026-147.jpg,2397,1982,2723,2122,0,0.236624315
434-0026-147.jpg,3084,1485,3337,1636,0,0.289747536
434-0026-147.jpg,1638,1319,1832,1594,0,0.322299719
434-0026-147.jpg,2340,1954,2568,2119,0,0.325968534
434-0026-147.jpg,3205,1483,3457,1686,0,0.572059929
434-0026-45.jpg,1318,852,1481,1166,0,0.148606881
434-0026-45.jpg,1856,1280,2137,1614,0,0.838278472
434-0026-29.jpg,2578,1018,2799,1253,0,0.426968008
436-0078-99.jpg,3182,1936,3418,2115,0,0.133121014
436-0078-19.jpg,2497,1430,2678,1799,0,0.394239128
433-0013-50.jpg,2658,1841,2856,2065,0,0.102286063
433-0013-50.jpg,1481,1766,1717,1947,0,0.110233165
433-0013-50.jpg,3083,1508,3259,1801,0,0.140899226
433-0013-50.jpg,2373,1947,2782,2106,0,0.155061498
433-0013-50.jpg,1824,1777,2112,1998,0,0.1624327
433-0013-50.jpg,1691,1763,1992,1974,0,0.206366733
433-0013-50.jpg,409,1759,608,2014,0,0.21004498
433-0013-50.jpg,2554,1918,2888,2095,0,0.324702293
433-0013-50.jpg,3106,1580,3336,1891,0,0.51330471
434-0026-56.jpg,3446,1812,3775,2032,0,0.100927338
434-0026-56.jpg,1290,849,1583,1405,0,0.128711343
434-0026-56.jpg,3326,1816,3625,2012,0,0.142233476
434-0026-56.jpg,1361,739,1637,1267,0,0.152255699
434-0026-56.jpg,2033,460,2479,1487,0,0.488074988
436-0078-93.jpg,1791,1950,2126,2116,0,0.108234398
436-0078-93.jpg,2246,1967,2525,2155,0,0.149333522
436-0078-93.jpg,1722,1966,1999,2143,0,0.376114041
436-0078-93.jpg,2141,1946,2404,2147,0,0.813234627
434-0026-81.jpg,1829,334,2088,583,0,0.294922382
434-0026-47.jpg,1394,536,1729,919,0,0.153740078
434-0026-47.jpg,1071,876,1444,1462,0,0.275530994
434-0026-47.jpg,1651,961,2029,1426,0,0.436946571
436-0078-1.jpg,1667,1944,1966,2121,0,0.154161662
436-0078-1.jpg,1410,1889,1998,2160,0,0.166260406
436-0078-1.jpg,1502,1955,1882,2134,0,0.426811069
436-0078-39.jpg,2315,54,2625,496,0,0.202841237
434-0026-106.jpg,2011,817,2476,1255,0,0.139767259
434-0026-106.jpg,2046,1010,2280,1235,0,0.178516969
434-0026-106.jpg,2141,998,2396,1233,0,0.201780751
434-0026-106.jpg,2130,917,2457,1155,0,0.286017686
434-0026-39.jpg,1843,864,2125,1127,0,0.106802836
434-0026-39.jpg,1587,1247,1828,1600,0,0.123431809
434-0026-39.jpg,2007,1244,2447,1603,0,0.379469424
434-0026-36.jpg,452,1358,641,1551,0,0.124377839
434-0026-36.jpg,2508,1213,2686,1522,0,0.533879936
434-0026-40.jpg,1816,700,1960,1034,0,0.107766569
434-0026-40.jpg,2734,1470,2999,1747,0,0.237315476
434-0026-40.jpg,1829,818,1978,1107,0,0.335424542
434-0026-171.jpg,1958,1985,2311,2145,0,0.101023495
434-0026-171.jpg,2074,1931,2483,2112,0,0.102401726
434-0026-171.jpg,1869,1492,2079,1744,0,0.124530792
434-0026-171.jpg,2285,1918,2548,2115,0,0.129642993
434-0026-171.jpg,1417,1911,1700,2124,0,0.154856369
434-0026-171.jpg,1818,1980,2143,2160,0,0.16572389
434-0026-171.jpg,2595,1485,2910,1701,0,0.166164801
434-0026-171.jpg,1665,1957,2015,2160,0,0.340912491
434-0026-171.jpg,1524,1920,1859,2133,0,0.414331734
434-0026-123.jpg,2084,1890,2277,2090,0,0.230577916
434-0026-123.jpg,2047,1807,2327,2039,0,0.275041312
436-0078-75.jpg,3033,1928,3331,2104,0,0.115228847
436-0078-75.jpg,2419,1941,2680,2123,0,0.141151145
436-0078-75.jpg,671,1668,950,1833,0,0.179312423
436-0078-75.jpg,1564,1936,1835,2115,0,0.211156428
436-0078-75.jpg,1033,1955,1272,2132,0,0.36161837
436-0078-75.jpg,1990,1923,2313,2135,0,0.64243263
434-0026-160.jpg,2382,1384,2758,1785,0,0.108501062
434-0026-160.jpg,1156,956,1569,1379,0,0.130987689
434-0026-160.jpg,1107,1055,1407,1491,0,0.153354973
434-0026-160.jpg,1257,1060,1530,1302,0,0.180910259
434-0026-160.jpg,2441,1484,2691,1739,0,0.305210382
434-0026-160.jpg,1178,1165,1391,1390,0,0.455226511
436-0078-20.jpg,2218,818,2433,1159,0,0.110627495
434-0026-60.jpg,1532,1496,1891,1670,0,0.124724582
434-0026-60.jpg,25,584,350,1131,0,0.182234913
434-0026-60.jpg,689,661,1123,1318,0,0.206802607
434-0026-67.jpg,1535,1481,1800,1779,0,0.732989907
436-0078-91.jpg,2123,1996,2377,2160,0,0.128278136
436-0078-91.jpg,3215,1929,3454,2108,0,0.150201365
436-0078-91.jpg,1822,1977,2129,2138,0,0.172088414
436-0078-91.jpg,1700,1981,1980,2133,0,0.196469545
436-0078-91.jpg,2034,1974,2275,2160,0,0.333958596
434-0026-138.jpg,3332,592,3580,828,0,0.131723031
434-0026-138.jpg,2793,427,3840,1021,0,0.244274467
436-0078-71.jpg,2301,1997,2532,2153,0,0.104390554
436-0078-71.jpg,1199,99,1428,362,0,0.168425053
436-0078-71.jpg,1710,1704,2016,1884,0,0.186232015
436-0078-97.jpg,3207,1304,3415,1550,0,0.11247883
436-0078-97.jpg,3076,1904,3315,2122,0,0.113207236
436-0078-97.jpg,1563,1505,1802,1695,0,0.157696098
436-0078-97.jpg,2925,1928,3152,2143,0,0.267631829
436-0078-97.jpg,2809,1910,3059,2160,0,0.542388678
436-0078-81.jpg,873,1990,1069,2160,0,0.136424839
436-0078-81.jpg,2855,1108,3462,1512,0,0.155190274
436-0078-81.jpg,3009,1177,3325,1429,0,0.158398479
436-0078-81.jpg,2864,1189,3193,1406,0,0.160365671
436-0078-81.jpg,1992,974,2283,1260,0,0.234667256
436-0078-81.jpg,2106,992,2398,1240,0,0.28120929
436-0078-81.jpg,1275,1478,1477,1743,0,0.43191421
434-0026-107.jpg,3309,1372,3554,1713,0,0.116556622
434-0026-107.jpg,2142,846,2314,1102,0,0.133099869
434-0026-107.jpg,1965,882,2271,1126,0,0.78799957
434-0026-159.jpg,1251,1944,1558,2099,0,0.12224333
434-0026-159.jpg,1635,1986,2031,2148,0,0.130781278
434-0026-159.jpg,569,1930,769,2099,0,0.139870793
434-0026-159.jpg,2801,969,3260,1393,0,0.141722053
434-0026-159.jpg,3181,1173,3413,1407,0,0.151867777
434-0026-159.jpg,1503,803,1849,1205,0,0.172206342
434-0026-159.jpg,1467,1967,1929,2124,0,0.173017994
434-0026-159.jpg,178,1075,514,1504,0,0.176653519
434-0026-159.jpg,1373,1952,1719,2104,0,0.189475328
434-0026-159.jpg,229,1193,459,1442,0,0.198119208
434-0026-159.jpg,2882,1081,3142,1312,0,0.230265364
434-0026-159.jpg,151,912,600,1397,0,0.249571979
436-0078-94.jpg,1667,1967,2008,2097,0,0.108642139
436-0078-94.jpg,3231,1931,3448,2105,0,0.110451952
436-0078-94.jpg,1793,1947,2179,2100,0,0.123444937
436-0078-94.jpg,2111,1968,2374,2159,0,0.832681119
434-0026-23.jpg,1011,1953,1170,2148,0,0.232948408
436-0078-23.jpg,2308,934,2584,1342,0,0.103108816
436-0078-49.jpg,3278,1897,3614,2080,0,0.102051213
436-0078-49.jpg,2727,1748,3840,2160,0,0.130259588
436-0078-49.jpg,1902,1595,3199,2110,0,0.145441905
436-0078-49.jpg,3210,1720,3689,2135,0,0.146320105
436-0078-49.jpg,2578,1731,2823,2052,0,0.186860979
436-0078-49.jpg,2534,1705,2708,1981,0,0.216413409
436-0078-49.jpg,3156,1642,3840,2160,0,0.223653674
436-0078-49.jpg,2410,1620,2783,2047,0,0.236405179
436-0078-49.jpg,2146,1402,2896,2018,0,0.424494773
434-0026-91.jpg,2176,322,2482,580,0,0.374384403
434-0026-91.jpg,3215,1481,3367,1725,0,0.404725581
433-0013-19.jpg,2705,1963,2946,2160,0,0.169237196
434-0026-16.jpg,1684,867,1948,1085,0,0.240586996
434-0026-97.jpg,2235,733,2455,985,0,0.323433727
434-0026-2.jpg,1097,1661,1368,1864,0,0.100586995
434-0026-2.jpg,2136,1655,2385,1882,0,0.118915364
434-0026-2.jpg,1730,1665,2042,1911,0,0.122954808
434-0026-2.jpg,1833,1738,2100,1953,0,0.12392287
434-0026-2.jpg,2124,1359,2477,1558,0,0.12771973
434-0026-2.jpg,2299,1367,2554,1552,0,0.229115009
434-0026-2.jpg,2712,1666,3066,1866,0,0.269582897
434-0026-2.jpg,2580,1669,2870,1859,0,0.384037286
434-0026-101.jpg,1817,306,2158,616,0,0.204546288
434-0026-101.jpg,845,1980,1086,2160,0,0.310646117
434-0026-101.jpg,1844,435,2105,656,0,0.690499187
434-0026-146.jpg,2280,1264,2511,1535,0,0.125190243
434-0026-146.jpg,1528,383,1836,1021,0,0.130944356
434-0026-146.jpg,1567,843,1769,1092,0,0.155243814
434-0026-146.jpg,2099,1279,2423,1550,0,0.380528688
434-0026-158.jpg,2415,870,2738,1099,0,0.109973945
434-0026-158.jpg,1845,1928,2121,2075,0,0.166983172
434-0026-158.jpg,2150,887,2467,1077,0,0.273752362
433-0013-47.jpg,1157,1747,1365,2032,0,0.15133214
436-0078-5.jpg,1390,1931,1732,2120,0,0.109756574
436-0078-5.jpg,2426,1965,2710,2124,0,0.110886693
436-0078-5.jpg,1660,1945,1965,2118,0,0.166029364
436-0078-5.jpg,1413,1891,1996,2160,0,0.16621533
436-0078-5.jpg,1499,1951,1876,2134,0,0.441687584
434-0026-156.jpg,2156,1960,2408,2127,0,0.179638132
434-0026-19.jpg,1570,1901,1809,2118,0,0.115094237
434-0026-19.jpg,85,1186,367,1482,0,0.238894612
436-0078-98.jpg,3174,1926,3392,2107,0,0.153395608
434-0026-144.jpg,2169,1474,2431,1730,0,0.133840963
434-0026-21.jpg,753,1099,1199,1535,0,0.145518094
434-0026-21.jpg,1139,765,1347,955,0,0.193663999
434-0026-21.jpg,589,1924,783,2129,0,0.196420908
434-0026-21.jpg,1804,451,1946,717,0,0.29126364
434-0026-55.jpg,1483,93,1914,462,0,0.107734188
434-0026-55.jpg,1838,0,2801,1901,0,0.125221059
434-0026-55.jpg,1175,796,1423,1499,0,0.152169168
434-0026-55.jpg,1219,749,1520,1271,0,0.23538743
434-0026-55.jpg,2018,235,2659,1338,0,0.235671133
433-0013-36.jpg,2021,1265,2569,1696,0,0.115255438
433-0013-36.jpg,1447,954,1899,1375,0,0.332999855
433-0013-36.jpg,747,1453,1126,1639,0,0.380875111
436-0078-59.jpg,3308,1424,3566,1649,0,0.146536812
436-0078-88.jpg,2305,1934,2595,2099,0,0.113939643
436-0078-88.jpg,2840,66,3144,249,0,0.146117315
436-0078-88.jpg,1728,2002,1941,2160,0,0.15354602
434-0026-121.jpg,2422,1643,2665,1876,0,0.11365068
434-0026-121.jpg,2334,1667,2574,1878,0,0.164521933
434-0026-121.jpg,2476,1936,2662,2141,0,0.184117168
434-0026-121.jpg,2618,1941,2850,2144,0,0.204773024
434-0026-121.jpg,2827,1907,3023,2115,0,0.210718468
434-0026-121.jpg,1801,1945,2099,2160,0,0.295528471
433-0013-31.jpg,2981,870,3190,1081,0,0.10281644
433-0013-31.jpg,572,1442,755,1735,0,0.115643203
433-0013-31.jpg,401,1042,600,1258,0,0.115649968
433-0013-31.jpg,34,1813,198,2067,0,0.150558263
434-0026-41.jpg,1771,836,1976,1098,0,0.124656469
434-0026-41.jpg,383,1962,627,2160,0,0.16412425
434-0026-113.jpg,683,1261,874,1528,0,0.680367947
436-0078-11.jpg,1119,1937,1379,2135,0,0.100084357
436-0078-11.jpg,2429,1967,2710,2127,0,0.10540805
436-0078-11.jpg,1664,1946,1960,2121,0,0.148226842
436-0078-11.jpg,1413,1884,1996,2160,0,0.16701287
436-0078-11.jpg,1506,1951,1876,2135,0,0.41046226
433-0013-25.jpg,1582,1470,1819,1689,0,0.213478923
434-0026-13.jpg,2543,1594,2847,1903,0,0.10457176
434-0026-13.jpg,2594,1666,2788,1880,0,0.738337398
433-0013-51.jpg,1557,1757,1820,1960,0,0.20967488
433-0013-51.jpg,2457,1900,2706,2103,0,0.221577927
433-0013-51.jpg,3165,1813,3436,1993,0,0.418532819
436-0078-80.jpg,3053,1976,3337,2139,0,0.120354451
436-0078-80.jpg,2107,2028,2458,2157,0,0.126211673
436-0078-80.jpg,3184,1973,3473,2160,0,0.219303206
436-0078-80.jpg,2025,1996,2289,2132,0,0.244980335
434-0026-151.jpg,685,1198,951,1405,0,0.101467051
434-0026-151.jpg,593,1961,785,2130,0,0.127086669
434-0026-151.jpg,1390,1955,1724,2113,0,0.156963989
434-0026-151.jpg,1520,1942,1811,2103,0,0.247335508
434-0026-151.jpg,862,1991,1046,2148,0,0.311313331
434-0026-135.jpg,1854,833,2223,1214,0,0.123694301
434-0026-135.jpg,1894,944,2151,1153,0,0.360692888
434-0026-34.jpg,975,1665,1237,1857,0,0.117106549
434-0026-34.jpg,2252,1398,2399,1694,0,0.661061704
433-0013-14.jpg,1030,1490,1192,1741,0,0.19939965
436-0078-10.jpg,2420,1966,2709,2127,0,0.103682935
436-0078-10.jpg,1655,1943,1968,2121,0,0.163174808
436-0078-10.jpg,1412,1886,1999,2160,0,0.165581509
436-0078-10.jpg,1503,1950,1882,2135,0,0.406507373
433-0013-56.jpg,1497,1365,1885,1562,0,0.105781816
433-0013-56.jpg,943,1941,1254,2120,0,0.116347626
433-0013-56.jpg,2647,1786,2883,2008,0,0.126771912
433-0013-56.jpg,2295,1682,2573,1901,0,0.156353265
433-0013-56.jpg,3010,1630,3299,1861,0,0.156436309
433-0013-56.jpg,2203,1674,2464,1890,0,0.199035093
433-0013-56.jpg,1076,1929,1390,2121,0,0.219001263
434-0026-167.jpg,1772,1954,1951,2110,0,0.111902878
434-0026-167.jpg,3100,1113,3556,1446,0,0.141516134
434-0026-167.jpg,2458,913,2898,1406,0,0.232922509
434-0026-167.jpg,3211,1151,3441,1433,0,0.277099222
434-0026-167.jpg,2562,1069,2788,1321,0,0.287170321
434-0026-167.jpg,971,1959,1144,2157,0,0.332296878
434-0026-167.jpg,2477,1027,2737,1261,0,0.378816992
434-0026-167.jpg,859,1949,1093,2134,0,0.444054157
434-0026-64.jpg,2148,1640,2442,1862,0,0.1514671
434-0026-64.jpg,1021,45,1469,254,0,0.199604645
434-0026-64.jpg,145,351,660,1162,0,0.28787604
434-0026-64.jpg,1276,483,1857,1467,0,0.499451995
434-0026-99.jpg,858,1901,1094,2136,0,0.125011086
434-0026-99.jpg,1678,793,1883,1004,0,0.200517729
433-0013-42.jpg,561,1922,778,2113,0,0.103436157
433-0013-42.jpg,48,1070,317,1312,0,0.113807388
433-0013-42.jpg,803,1064,1035,1259,0,0.162146553
433-0013-42.jpg,1121,1068,1348,1229,0,0.183993965
433-0013-42.jpg,1261,1967,1518,2160,0,0.21335268
433-0013-42.jpg,1179,1881,1386,2109,0,0.275465846
434-0026-6.jpg,1509,1662,1875,1830,0,0.10219688
434-0026-6.jpg,1403,1616,1668,1801,0,0.131379634
434-0026-145.jpg,2258,2000,2618,2137,0,0.104525037
434-0026-145.jpg,2610,874,2860,1080,0,0.105179764
434-0026-145.jpg,1662,833,1831,1066,0,0.1121075
434-0026-145.jpg,2645,1479,2863,1774,0,0.204204947
434-0026-145.jpg,1994,1523,2214,1718,0,0.241339669
433-0013-41.jpg,850,425,1090,671,0,0.100291751
433-0013-41.jpg,106,1043,416,1339,0,0.103518464
433-0013-41.jpg,596,1919,803,2093,0,0.124646947
433-0013-41.jpg,951,1074,1200,1266,0,0.127701223
433-0013-41.jpg,1850,1810,2153,2035,0,0.142729253
433-0013-41.jpg,380,1902,672,2108,0,0.17705889
433-0013-41.jpg,1232,1076,1531,1235,0,0.208076432
433-0013-41.jpg,1394,1999,1639,2160,0,0.231849417
433-0013-41.jpg,1311,1950,1558,2149,0,0.397511542
434-0026-25.jpg,2688,1866,2859,2091,0,0.132223532
434-0026-10.jpg,1842,1766,2120,2023,0,0.115511201
434-0026-10.jpg,1298,1645,1569,1894,0,0.184166864
434-0026-10.jpg,1415,1640,1661,1924,0,0.196063444
434-0026-10.jpg,547,1694,777,1903,0,0.254577994
433-0013-39.jpg,510,768,899,1257,0,0.103961691
433-0013-39.jpg,1042,1638,1205,1854,0,0.119918428
433-0013-39.jpg,1139,778,1589,1250,0,0.128044128
433-0013-39.jpg,1705,1223,1998,1427,0,0.158505544
433-0013-39.jpg,1008,1779,1186,2065,0,0.213473871
433-0013-39.jpg,673,764,886,1027,0,0.318864375
433-0013-39.jpg,601,1727,823,2013,0,0.641956151
434-0026-92.jpg,3150,1485,3322,1699,0,0.22288996
434-0026-92.jpg,2144,343,2385,568,0,0.312609345
436-0078-105.jpg,995,1954,1173,2117,0,0.105291791
436-0078-105.jpg,889,1939,1080,2119,0,0.10670846
436-0078-105.jpg,1530,1924,1836,2096,0,0.135940969
436-0078-105.jpg,2864,991,3138,1242,0,0.139000952
436-0078-105.jpg,1692,1920,1972,2102,0,0.140329137
436-0078-105.jpg,2304,1474,2567,1698,0,0.258331418
434-0026-137.jpg,1701,953,1984,1084,0,0.160333022
434-0026-137.jpg,1333,824,2499,1175,0,0.257597357
434-0026-48.jpg,583,1059,1057,1580,0,0.228211567
434-0026-48.jpg,1068,506,1465,970,0,0.267402887
434-0026-48.jpg,1458,948,1897,1671,0,0.278017014
434-0026-129.jpg,2192,1917,2401,2160,0,0.122470528
433-0013-55.jpg,1550,1513,1847,1709,0,0.102232188
433-0013-55.jpg,2467,1412,2683,1548,0,0.104047485
433-0013-55.jpg,3043,1690,3325,1870,0,0.110162683
433-0013-55.jpg,809,1793,1061,2016,0,0.121451139
433-0013-55.jpg,2575,1818,2853,1996,0,0.149596468
433-0013-55.jpg,3172,1677,3495,1883,0,0.150331423
433-0013-55.jpg,814,1915,1063,2100,0,0.159593761
433-0013-55.jpg,1587,1770,1780,1991,0,0.176999614
433-0013-55.jpg,2709,1817,2989,2013,0,0.177765742
433-0013-55.jpg,2387,1812,2759,1979,0,0.185254946
433-0013-55.jpg,967,1529,1253,1719,0,0.193939954
433-0013-55.jpg,478,1941,788,2109,0,0.215049133
433-0013-55.jpg,2590,1517,2879,1700,0,0.227209255
433-0013-55.jpg,3166,1795,3494,1962,0,0.232763901
433-0013-55.jpg,3016,1777,3346,1949,0,0.238040671
433-0013-55.jpg,1907,1914,2119,2116,0,0.261962354
433-0013-55.jpg,1916,1793,2095,2026,0,0.263389111
433-0013-55.jpg,380,1952,656,2112,0,0.286402643
433-0013-55.jpg,2724,1947,2989,2118,0,0.403333932
433-0013-55.jpg,2268,1822,2586,2012,0,0.565455317
436-0078-52.jpg,3439,1167,3729,1426,0,0.106110476
436-0078-52.jpg,3419,1051,3784,1595,0,0.313872308
436-0078-52.jpg,2692,1018,3071,1515,0,0.43566063
436-0078-52.jpg,3293,787,3840,1822,0,0.495329529
434-0026-51.jpg,635,21,1230,548,0,0.245365128
434-0026-51.jpg,1002,609,1850,1738,0,0.428498
434-0026-3.jpg,552,1918,787,2098,0,0.109594584
434-0026-3.jpg,2125,1355,2470,1553,0,0.116592467
434-0026-3.jpg,2140,1784,2432,2017,0,0.123169459
434-0026-3.jpg,2137,1658,2382,1887,0,0.136495203
434-0026-3.jpg,1723,1662,2030,1908,0,0.138589308
434-0026-3.jpg,1833,1743,2096,1954,0,0.154514194
434-0026-3.jpg,2299,1366,2555,1549,0,0.238423869
434-0026-3.jpg,2846,1684,3137,1854,0,0.288363457
434-0026-3.jpg,2587,1675,2873,1856,0,0.400221586
436-0078-100.jpg,3183,1968,3417,2136,0,0.158804253
436-0078-100.jpg,2958,1943,3148,2126,0,0.289305419
433-0013-24.jpg,2051,1469,2233,1755,0,0.458534151
433-0013-21.jpg,1000,289,1178,544,0,0.184982002
434-0026-102.jpg,1635,1522,1803,1763,0,0.155141965
434-0026-102.jpg,1870,832,2076,1069,0,0.245731249
434-0026-102.jpg,1804,768,2154,1026,0,0.888668835
434-0026-4.jpg,690,1954,960,2104,0,0.100684807
434-0026-4.jpg,1855,1957,2139,2125,0,0.104081444
434-0026-4.jpg,3453,689,3823,916,0,0.105868466
434-0026-4.jpg,2909,1930,3183,2105,0,0.11865662
434-0026-4.jpg,2302,1807,2630,2023,0,0.12059743
434-0026-4.jpg,3019,1959,3289,2112,0,0.136193991
434-0026-4.jpg,2915,1843,3192,2021,0,0.234491006
434-0026-4.jpg,2446,1807,2697,2005,0,0.459844381
434-0026-46.jpg,1225,896,1586,1478,0,0.169861048
434-0026-46.jpg,1649,1077,2076,1453,0,0.527858913
434-0026-75.jpg,552,1500,777,1735,0,0.122786492
434-0026-15.jpg,3174,938,3431,1407,0,0.104984768
434-0026-15.jpg,544,148,765,387,0,0.143832296
434-0026-15.jpg,3216,1017,3390,1313,0,0.255807817
434-0026-37.jpg,1838,1208,2115,1692,0,0.117237657
434-0026-37.jpg,2229,1280,2551,1602,0,0.647645235
434-0026-14.jpg,2870,982,3000,1279,0,0.127088055
434-0026-14.jpg,2785,538,2969,831,0,0.141857505
433-0013-29.jpg,223,1888,449,2114,0,0.103160739
433-0013-29.jpg,3646,1162,3797,1489,0,0.10459958
433-0013-29.jpg,1282,901,1528,1108,0,0.121755727
433-0013-29.jpg,717,1917,910,2160,0,0.266051769
433-0013-29.jpg,674,1339,881,1579,0,0.337791532
434-0026-150.jpg,2307,1513,2569,1739,0,0.104481399
434-0026-53.jpg,3170,1826,3477,2017,0,0.127017185
434-0026-53.jpg,1458,158,1925,692,0,0.157362208
434-0026-53.jpg,1118,997,1439,1542,0,0.167797893
434-0026-53.jpg,1185,771,1572,1316,0,0.256735027
434-0026-53.jpg,1873,491,2513,1607,0,0.813425481
434-0026-104.jpg,1812,605,2101,843,0,0.788023293
436-0078-102.jpg,2938,1910,3087,2102,0,0.111200459
436-0078-102.jpg,3372,1303,3567,1578,0,0.114545852
436-0078-102.jpg,3049,1351,3229,1600,0,0.144873783
434-0026-136.jpg,2025,1026,2240,1181,0,0.109553978
433-0013-45.jpg,680,1172,872,1450,0,0.122403026
433-0013-45.jpg,1267,1730,1449,2038,0,0.161038861
436-0078-90.jpg,2394,2,2735,192,0,0.1223891
436-0078-90.jpg,2289,1911,2518,2121,0,0.129910573
436-0078-90.jpg,1393,1927,1610,2100,0,0.150801972
436-0078-90.jpg,3228,1944,3403,2120,0,0.262758911
436-0078-90.jpg,2128,1885,2343,2130,0,0.38422367
433-0013-38.jpg,1627,1261,1836,1438,0,0.101315349
433-0013-38.jpg,2278,1249,2880,1614,0,0.145441636
433-0013-38.jpg,756,1255,1199,1621,0,0.145956039
433-0013-38.jpg,1466,1267,1925,1673,0,0.175545663
434-0026-162.jpg,79,1358,359,1582,0,0.102583386
434-0026-162.jpg,390,1963,629,2158,0,0.11836116
434-0026-162.jpg,1744,857,2025,1103,0,0.144812882
434-0026-162.jpg,1472,1142,1687,1340,0,0.154097587
434-0026-162.jpg,239,1318,481,1552,0,0.265329331
434-0026-162.jpg,1804,1976,2081,2153,0,0.337470829
434-0026-162.jpg,772,1397,1053,1601,0,0.546757102
434-0026-162.jpg,2017,1915,2319,2130,0,0.551551342
436-0078-92.jpg,2265,1959,2521,2147,0,0.180702358
436-0078-92.jpg,1758,1963,1980,2141,0,0.182050705
436-0078-92.jpg,2180,1941,2406,2144,0,0.766515076
434-0026-31.jpg,2597,1902,2828,2125,0,0.49215585
433-0013-15.jpg,1640,1081,2745,2160,0,0.120914049
433-0013-15.jpg,397,1495,930,1964,0,0.135643944
433-0013-15.jpg,2308,1494,2559,1736,0,0.157861903
433-0013-15.jpg,1004,1782,1146,2057,0,0.266934782
433-0013-53.jpg,1667,1991,1997,2130,0,0.101048551
433-0013-53.jpg,1417,1886,1624,2102,0,0.153299436
433-0013-53.jpg,1548,1952,1831,2127,0,0.19103615
436-0078-29.jpg,1796,993,2007,1296,0,0.13862294
436-0078-78.jpg,1873,299,2145,534,0,0.174366146
434-0026-112.jpg,997,1587,1221,1862,0,0.815000117
436-0078-51.jpg,1745,1020,2222,1482,0,0.144789144
436-0078-51.jpg,3371,1040,3588,1316,0,0.190803319
436-0078-51.jpg,2669,793,3481,1504,0,0.394715369
436-0078-51.jpg,1516,906,2361,1444,0,0.508190215
433-0013-32.jpg,430,1086,642,1289,0,0.133302763
433-0013-32.jpg,3457,1361,3710,1593,0,0.442012012
434-0026-109.jpg,1263,1437,1472,1652,0,0.821666181
434-0026-38.jpg,1374,1191,1680,1704,0,0.168830574
434-0026-38.jpg,1835,1136,2257,1849,0,0.266158581
434-0026-68.jpg,1426,1869,1662,2089,0,0.384233981
434-0026-170.jpg,2758,709,2972,975,0,0.107478902
434-0026-170.jpg,852,1957,1078,2099,0,0.188826203
434-0026-170.jpg,2096,1975,2427,2120,0,0.245675743
434-0026-170.jpg,1784,1922,2158,2094,0,0.338403225
434-0026-170.jpg,1947,1948,2269,2123,0,0.368912429
434-0026-166.jpg,1167,1335,1398,1524,0,0.102802388
434-0026-166.jpg,1743,1915,1946,2128,0,0.249703556
434-0026-166.jpg,1124,1520,1440,1714,0,0.376766115
436-0078-76.jpg,2739,1962,3009,2133,0,0.101950869
436-0078-76.jpg,1757,247,1927,507,0,0.116216347
436-0078-76.jpg,1510,1978,1815,2133,0,0.129039899
434-0026-66.jpg,1146,1055,1359,1348,0,0.107366659
434-0026-66.jpg,1348,635,1712,1007,0,0.112974532
434-0026-66.jpg,1636,1105,2006,1503,0,0.23929061
434-0026-66.jpg,1023,1047,1425,1534,0,0.338466674
436-0078-70.jpg,2588,1973,2839,2129,0,0.103214741
436-0078-70.jpg,2022,1695,2299,1886,0,0.151498482
434-0026-143.jpg,2270,1329,2534,1603,0,0.220208243
433-0013-37.jpg,2436,1295,3019,1644,0,0.102725022
433-0013-37.jpg,1985,1507,2291,1738,0,0.111161135
433-0013-37.jpg,898,901,1267,1379,0,0.122348264
433-0013-37.jpg,1486,1049,1930,1554,0,0.136048913
433-0013-37.jpg,2603,1986,2863,2123,0,0.138819575
433-0013-37.jpg,2140,1503,2461,1772,0,0.205474213
433-0013-37.jpg,1687,1062,1933,1300,0,0.277726501
433-0013-37.jpg,1991,1451,2574,1790,0,0.305022299
433-0013-37.jpg,832,1505,1128,1709,0,0.550673723
436-0078-68.jpg,2582,428,2791,676,0,0.295951307
434-0026-94.jpg,1887,1966,2107,2160,0,0.121816628
434-0026-94.jpg,2987,772,3175,1048,0,0.396571189
436-0078-3.jpg,1657,1946,1961,2120,0,0.159709811
436-0078-3.jpg,1500,1949,1883,2137,0,0.39952451
433-0013-49.jpg,806,1905,1097,2098,0,0.128788203
433-0013-49.jpg,2214,1630,2430,1945,0,0.169792697
433-0013-49.jpg,2795,1644,3011,1882,0,0.191605747
433-0013-49.jpg,2885,1620,3084,1863,0,0.20523046
433-0013-49.jpg,2816,1771,3010,1997,0,0.292834401
436-0078-106.jpg,1435,633,1703,853,0,0.102315828
436-0078-106.jpg,1387,1909,1650,2120,0,0.131719738
436-0078-106.jpg,1859,1421,2062,1707,0,0.134444758
436-0078-106.jpg,2079,1512,2488,1734,0,0.146570012
436-0078-106.jpg,2806,961,3280,1393,0,0.150967121
436-0078-106.jpg,1770,857,2177,1203,0,0.154864386
436-0078-106.jpg,2869,1075,3203,1297,0,0.163460776
436-0078-106.jpg,2430,1009,2809,1537,0,0.228687823
436-0078-106.jpg,1340,1513,1546,1756,0,0.237192571
436-0078-106.jpg,3006,930,3277,1163,0,0.251247466
436-0078-106.jpg,1040,1149,1230,1402,0,0.461500615
433-0013-26.jpg,980,1362,1212,1596,0,0.281094968
433-0013-54.jpg,2561,1980,2867,2110,0,0.104800195
436-0078-6.jpg,1424,1883,1992,2160,0,0.160191968
436-0078-6.jpg,1504,1951,1882,2136,0,0.417580605
434-0026-148.jpg,1150,1525,1291,1745,0,0.212961182
434-0026-148.jpg,2318,863,2490,1081,0,0.243047372
434-0026-148.jpg,2826,1628,3047,1848,0,0.278500229
434-0026-63.jpg,1315,533,1726,1215,0,0.103803106
434-0026-63.jpg,120,214,687,1162,0,0.157965332
434-0026-63.jpg,1073,487,1913,1262,0,0.241731271
434-0026-63.jpg,870,38,1314,217,0,0.544694126
434-0026-65.jpg,501,552,1038,900,0,0.10739845
434-0026-65.jpg,0,189,241,611,0,0.12752828
434-0026-65.jpg,818,1088,1281,1710,0,0.200068921
434-0026-65.jpg,133,1060,582,1524,0,0.353532284
433-0013-16.jpg,413,1461,933,1970,0,0.106971905
433-0013-16.jpg,2287,1466,2548,1720,0,0.165811509
433-0013-16.jpg,996,1747,1161,2009,0,0.260447234
434-0026-98.jpg,820,1975,1051,2160,0,0.175851569
434-0026-98.jpg,1722,851,1955,1045,0,0.639402568
436-0078-22.jpg,2463,1383,2700,1802,0,0.363345742
433-0013-30.jpg,2929,1984,3177,2127,0,0.105873503
433-0013-30.jpg,490,992,883,1380,0,0.107041232
433-0013-30.jpg,34,1232,375,1643,0,0.10714215
433-0013-30.jpg,1585,1196,1835,1400,0,0.110747464
433-0013-30.jpg,579,1065,831,1308,0,0.277451813
433-0013-30.jpg,3539,1063,3793,1309,0,0.341039628
434-0026-80.jpg,2621,52,2923,293,0,0.145095393
436-0078-86.jpg,2424,1979,2653,2130,0,0.104445763
436-0078-86.jpg,3215,1965,3417,2149,0,0.108551696
436-0078-86.jpg,2677,36,3012,227,0,0.13066417
436-0078-86.jpg,2284,1931,2595,2100,0,0.41663909
434-0026-52.jpg,383,938,730,1407,0,0.118394092
434-0026-52.jpg,877,163,1233,654,0,0.180222794
434-0026-52.jpg,1017,782,1798,1573,0,0.529531777
436-0078-8.jpg,1656,1947,1965,2122,0,0.145910114
436-0078-8.jpg,1415,1892,1993,2160,0,0.175190434
436-0078-8.jpg,1501,1950,1881,2137,0,0.441375136
434-0026-62.jpg,126,626,762,1396,0,0.246171772
434-0026-62.jpg,808,38,1402,494,0,0.291171849
434-0026-62.jpg,1200,782,1949,1520,0,0.70438379
436-0078-77.jpg,1857,242,2102,510,0,0.39935708
434-0026-161.jpg,1363,726,1525,983,0,0.107007429
434-0026-161.jpg,2596,1222,2828,1421,0,0.107388906
434-0026-161.jpg,859,1953,1051,2124,0,0.143259451
434-0026-161.jpg,1667,1211,2269,1632,0,0.157405093
434-0026-161.jpg,779,980,1094,1393,0,0.187608033
434-0026-161.jpg,1830,1303,1991,1548,0,0.190126464
434-0026-161.jpg,835,1097,1061,1347,0,0.488646477
436-0078-74.jpg,1106,1841,1328,2028,0,0.160535604
436-0078-74.jpg,2432,1955,2668,2112,0,0.165824175
436-0078-74.jpg,1088,1905,1338,2114,0,0.294599801
436-0078-74.jpg,654,1907,914,2088,0,0.392987996
436-0078-74.jpg,2002,1904,2332,2117,0,0.396416128
434-0026-8.jpg,1394,1943,1657,2129,0,0.107529342
434-0026-8.jpg,3077,1817,3289,2050,0,0.117756411
434-0026-8.jpg,1841,1780,2143,1995,0,0.122316599
434-0026-8.jpg,3026,1898,3303,2108,0,0.159773007
434-0026-90.jpg,2274,312,2496,526,0,0.133261591
434-0026-90.jpg,3200,1431,3379,1640,0,0.358599842
436-0078-85.jpg,2543,0,2929,172,0,0.100404926
436-0078-85.jpg,81,440,297,707,0,0.109309465
436-0078-85.jpg,3247,1974,3411,2160,0,0.349041253
436-0078-85.jpg,1694,1971,1927,2135,0,0.429288149
434-0026-169.jpg,1440,1922,1682,2115,0,0.120999642
434-0026-169.jpg,852,1923,1081,2093,0,0.127405256
434-0026-169.jpg,2312,1904,2549,2120,0,0.17115207
436-0078-55.jpg,2278,1835,3452,2049,0,0.106560774
436-0078-55.jpg,1706,911,1868,1179,0,0.107359387
436-0078-55.jpg,2665,383,2995,753,0,0.15278542
436-0078-55.jpg,2616,744,2814,957,0,0.173669815
436-0078-55.jpg,2750,439,2929,707,0,0.261947393
436-0078-55.jpg,2582,386,2950,1024,0,0.364818901
436-0078-16.jpg,2917,1610,3086,1883,0,0.102038383
434-0026-149.jpg,2860,1770,3019,2027,0,0.107847266
434-0026-149.jpg,3195,1883,3408,2120,0,0.128410116
434-0026-149.jpg,914,1734,1105,1985,0,0.244951591
434-0026-149.jpg,1861,1649,2097,1905,0,0.252147198
434-0026-149.jpg,1872,1743,2144,1963,0,0.257057667
